"","category","over_represented_pvalue","under_represented_pvalue","numDEInCat","numInCat","term","ontology"
"361","GO:0000977",1.28595813759445e-15,1,825,1078,"RNA polymerase II transcription regulatory region sequence-specific DNA binding","MF"
"1536","GO:0003700",3.00055512206216e-15,1,873,1148,"DNA-binding transcription factor activity","MF"
"364","GO:0000981",5.97219186899618e-15,1,835,1096,"DNA-binding transcription factor activity, RNA polymerase II-specific","MF"
"382","GO:0001067",2.91793358644947e-14,1,875,1157,"regulatory region nucleic acid binding","MF"
"360","GO:0000976",3.38003901000908e-14,1,874,1156,"transcription regulatory region sequence-specific DNA binding","MF"
"362","GO:0000978",3.5993541126934e-14,1,682,885,"RNA polymerase II cis-regulatory region sequence-specific DNA binding","MF"
"20814","GO:1990837",4.09235984640753e-14,1,920,1222,"sequence-specific double-stranded DNA binding","MF"
"10961","GO:0043565",2.96333893489447e-13,1,981,1315,"sequence-specific DNA binding","MF"
"1524","GO:0003677",4.77308849064863e-13,1,1426,1959,"DNA binding","MF"
"1532","GO:0003690",1.00640562631761e-12,1,967,1299,"double-stranded DNA binding","MF"
"365","GO:0000987",1.14679846955541e-12,1,690,905,"cis-regulatory region sequence-specific DNA binding","MF"
"18044","GO:0140110",3.27020352275852e-11,1,1147,1571,"transcription regulator activity","MF"
"2953","GO:0006366",1.84426516978731e-09,1,1540,2163,"transcription by RNA polymerase II","BP"
"2946","GO:0006357",4.78066912266495e-09,1,1445,2028,"regulation of transcription by RNA polymerase II","BP"
"18482","GO:1901363",5.13090864753374e-08,1,3381,4928,"heterocyclic compound binding","MF"
"10714","GO:0043167",7.82594804458748e-08,1,3581,5228,"ion binding","MF"
"282","GO:0000785",1.02588005807358e-07,1,789,1085,"chromatin","CC"
"16971","GO:0097159",1.04869430400263e-07,1,3417,4988,"organic cyclic compound binding","MF"
"12169","GO:0046872",1.36595406502987e-07,1,2416,3486,"metal ion binding","MF"
"286","GO:0000790",1.40144362194128e-07,1,681,930,"nuclear chromatin","CC"
"110","GO:0000228",4.53800951495101e-07,1,814,1128,"nuclear chromosome","CC"
"1523","GO:0003676",7.22108138006448e-07,0.999999567989148,2288,3305,"nucleic acid binding","MF"
"10716","GO:0043169",7.67606007043472e-07,0.999999539219975,2458,3555,"cation binding","MF"
"17390","GO:0098803",1.3441268237111e-06,0.999999739049588,64,71,"respiratory chain complex","CC"
"2944","GO:0006355",1.59437154865339e-06,0.999998872197559,1895,2721,"regulation of transcription, DNA-templated","BP"
"2558","GO:0005694",1.62777971135315e-06,0.999999064914509,1101,1550,"chromosome","CC"
"2940","GO:0006351",1.85664597078883e-06,0.999998680961822,2007,2889,"transcription, DNA-templated","BP"
"6087","GO:0018130",2.90941351113389e-06,0.99999773926022,2354,3409,"heterocycle biosynthetic process","BP"
"9145","GO:0034654",3.08376261313491e-06,0.999997604780527,2319,3357,"nucleobase-containing compound biosynthetic process","BP"
"13248","GO:0051252",3.27540646761898e-06,0.999997511882022,2096,3024,"regulation of RNA metabolic process","BP"
"15209","GO:0070469",3.75979150665084e-06,0.99999901556378,75,86,"respirasome","CC"
"19343","GO:1903506",4.24857993975562e-06,0.999996728577463,1927,2774,"regulation of nucleic acid-templated transcription","BP"
"20927","GO:2000112",4.4436687350322e-06,0.999996509604369,2174,3142,"regulation of cellular macromolecule biosynthetic process","BP"
"17203","GO:0097659",4.68681296140848e-06,0.999996332015415,2034,2934,"nucleic acid-templated transcription","BP"
"8352","GO:0032774",4.71944524126132e-06,0.999996305366078,2042,2946,"RNA biosynthetic process","BP"
"21432","GO:2001141",5.09931494129483e-06,0.999996020224532,1929,2778,"regulation of RNA biosynthetic process","BP"
"6258","GO:0019219",6.12032065790839e-06,0.999995126717984,2253,3262,"regulation of nucleobase-containing compound metabolic process","BP"
"6333","GO:0019438",6.59540234896397e-06,0.999994695069086,2353,3413,"aromatic compound biosynthetic process","BP"
"18481","GO:1901362",8.16396605725815e-06,0.999993375520624,2424,3521,"organic cyclic compound biosynthetic process","BP"
"2579","GO:0005746",1.09137899942479e-05,0.999997148707923,68,78,"mitochondrial respirasome","CC"
"18087","GO:0140353",1.20181226868116e-05,1,27,27,"lipid export from cell","BP"
"2796","GO:0006091",1.2028004447326e-05,0.999993211725416,348,466,"generation of precursor metabolites and energy","BP"
"2818","GO:0006119",1.22069886208825e-05,0.999995300161095,108,131,"oxidative phosphorylation","BP"
"4607","GO:0010556",1.57372152323782e-05,0.999987094476308,2225,3227,"regulation of macromolecule biosynthetic process","BP"
"5783","GO:0016655",1.59323597878103e-05,0.999997149492972,49,54,"oxidoreductase activity, acting on NAD(P)H, quinone or similar compound as acceptor","MF"
"17370","GO:0098772",1.86145688940942e-05,0.999984834041632,1970,2848,"molecular function regulator","MF"
"20606","GO:1990204",2.17003406608919e-05,0.999992868109109,82,97,"oxidoreductase complex","CC"
"18479","GO:1901360",2.37815430536146e-05,0.999979823943668,3440,5058,"organic cyclic compound metabolic process","BP"
"3223","GO:0006725",3.29930406729467e-05,0.999971927419669,3334,4901,"cellular aromatic compound metabolic process","BP"
"11993","GO:0046483",3.9017788865554e-05,0.99996676349033,3313,4871,"heterocycle metabolic process","BP"
"2819","GO:0006120",4.36092778691718e-05,0.999991720993272,46,51,"mitochondrial electron transport, NADH to ubiquinone","BP"
"4129","GO:0009064",4.59752002924914e-05,0.999989302317625,54,61,"glutamine family amino acid metabolic process","BP"
"11812","GO:0046034",4.69323231684254e-05,0.999974632108978,210,274,"ATP metabolic process","BP"
"6859","GO:0022900",4.80712791135538e-05,0.999978275175278,124,155,"electron transport chain","BP"
"7536","GO:0031326",5.2644564490329e-05,0.999955885515077,2292,3337,"regulation of cellular biosynthetic process","BP"
"6860","GO:0022904",7.09633674666068e-05,0.999973429006911,86,104,"respiratory electron transport chain","BP"
"10534","GO:0042773",9.26416420539234e-05,0.999968448172265,73,87,"ATP synthesis coupled electron transport","BP"
"4434","GO:0009889",9.94997676459514e-05,0.999915864084937,2337,3410,"regulation of biosynthetic process","BP"
"4373","GO:0009636",0.000101511189850352,0.99994844006403,148,189,"response to toxic substance","BP"
"1525","GO:0003678",0.000108093630742247,0.999966647919008,65,76,"DNA helicase activity","MF"
"10536","GO:0042775",0.000119511157866304,0.999958778587079,72,86,"mitochondrial ATP synthesis coupled electron transport","BP"
"2824","GO:0006139",0.000124211265041543,0.999892973510072,3224,4748,"nucleobase-containing compound metabolic process","BP"
"9138","GO:0034645",0.000139310559805641,0.99988068514989,2741,4021,"cellular macromolecule biosynthetic process","BP"
"11155","GO:0044271",0.000145985089929832,0.999874950909146,2722,3994,"cellular nitrogen compound biosynthetic process","BP"
"16719","GO:0090304",0.00016489812523004,0.999858062739602,2929,4306,"nucleic acid metabolic process","BP"
"18554","GO:1901576",0.000174484045874234,0.999848790928432,3414,5038,"organic substance biosynthetic process","BP"
"1635","GO:0003954",0.000177785109582219,0.999967751987474,38,42,"NADH dehydrogenase activity","MF"
"3746","GO:0008137",0.000177785109582219,0.999967751987474,38,42,"NADH dehydrogenase (ubiquinone) activity","MF"
"12801","GO:0050136",0.000177785109582219,0.999967751987474,38,42,"NADH dehydrogenase (quinone) activity","MF"
"4124","GO:0009058",0.000204106388142279,0.999822785408921,3450,5094,"biosynthetic process","BP"
"2580","GO:0005747",0.000218619925705635,0.999953905795163,41,46,"mitochondrial respiratory chain complex I","CC"
"7350","GO:0030964",0.000218619925705635,0.999953905795163,41,46,"NADH dehydrogenase complex","CC"
"11492","GO:0045271",0.000218619925705635,0.999953905795163,41,46,"respiratory chain complex I","CC"
"12516","GO:0048306",0.000233480891019943,0.999944938983541,45,51,"calcium-dependent protein binding","MF"
"5780","GO:0016651",0.000269492203909685,0.999897422666072,75,91,"oxidoreductase activity, acting on NAD(P)H","MF"
"4125","GO:0009059",0.000289456566601722,0.999749870922282,2808,4129,"macromolecule biosynthetic process","BP"
"3724","GO:0008094",0.000297750901801495,0.999877794306188,85,104,"DNA-dependent ATPase activity","MF"
"2884","GO:0006260",0.000371183115243676,0.999780520812191,196,259,"DNA replication","BP"
"5690","GO:0016491",0.000372356835372361,0.999734704174454,426,591,"oxidoreductase activity","MF"
"11510","GO:0045333",0.000383667989829464,0.999799968852431,132,170,"cellular respiration","BP"
"7533","GO:0031323",0.000483177144865313,0.999577064750716,3408,5036,"regulation of cellular metabolic process","BP"
"6007","GO:0017116",0.000528083186643933,1,18,18,"single-stranded DNA helicase activity","MF"
"5491","GO:0016070",0.000679935981801196,0.99940882610577,2624,3862,"RNA metabolic process","BP"
"11145","GO:0044249",0.000694982955111717,0.999389761590996,3343,4946,"cellular biosynthetic process","BP"
"11005","GO:0043649",0.000757040801956685,1,17,17,"dicarboxylic acid catabolic process","BP"
"1856","GO:0004386",0.000781952078237795,0.999596084016538,118,151,"helicase activity","MF"
"12963","GO:0050794",0.000845875763221224,0.999252179360493,5630,8410,"regulation of cellular process","BP"
"17387","GO:0098800",0.0008957792606104,0.999563093503425,99,126,"inner mitochondrial membrane protein complex","CC"
"2517","GO:0005634",0.000897430296915606,0.999205408821043,4265,6343,"nucleus","CC"
"9134","GO:0034641",0.000945872965591847,0.999164916885157,3607,5350,"cellular nitrogen compound metabolic process","BP"
"13208","GO:0051171",0.000954764428956851,0.999160379411721,3172,4688,"regulation of nitrogen compound metabolic process","BP"
"18038","GO:0140097",0.000966685267476366,0.999451924843726,146,191,"catalytic activity, acting on DNA","MF"
"5452","GO:0015980",0.00103316084267661,0.999368746962002,185,247,"energy derivation by oxidation of organic compounds","BP"
"3756","GO:0008152",0.00116208016798365,0.998973439660007,6217,9318,"metabolic process","BP"
"4145","GO:0009084",0.00119855142647967,1,16,16,"glutamine family amino acid biosynthetic process","BP"
"4130","GO:0009065",0.00123884218693191,0.999900571533078,21,22,"glutamine family amino acid catabolic process","BP"
"16362","GO:0072686",0.00127967711277594,0.999378700408517,94,119,"mitotic spindle","CC"
"3073","GO:0006536",0.00134001830757295,0.999817164808304,25,27,"glutamate metabolic process","BP"
"4572","GO:0010468",0.00143585056649487,0.998741223832254,2612,3850,"regulation of gene expression","BP"
"3025","GO:0006473",0.00156530397434787,0.999105142332479,138,181,"protein acetylation","BP"
"6330","GO:0019430",0.00170203892612362,0.999858639534708,20,21,"removal of superoxide radicals","BP"
"151","GO:0000305",0.00179398509568364,0.999748095142327,24,26,"response to oxygen radical","BP"
"14025","GO:0060255",0.00186609810532618,0.998342625741144,3454,5122,"regulation of macromolecule metabolic process","BP"
"10944","GO:0043543",0.00189558304183018,0.998838972001004,168,224,"protein acylation","BP"
"17427","GO:0098869",0.00191374023160407,0.999205596401047,64,79,"cellular oxidant detoxification","BP"
"16919","GO:0097067",0.00200563607196074,1,15,15,"cellular response to thyroid hormone stimulus","BP"
"16248","GO:0072395",0.00237185071151796,0.999054258041453,58,71,"signal transduction involved in cell cycle checkpoint","BP"
"149","GO:0000303",0.00255025408766044,0.999628085217458,23,25,"response to superoxide","BP"
"6261","GO:0019222",0.00259445839804269,0.997682764653637,3746,5568,"regulation of metabolic process","BP"
"17360","GO:0098754",0.00260271901357728,0.998780185261898,76,96,"detoxification","BP"
"7672","GO:0031570",0.00261793087037511,0.998547730756253,115,150,"DNA integrity checkpoint","BP"
"424","GO:0001228",0.00273114333727866,0.998110535770891,261,358,"DNA-binding transcription activator activity, RNA polymerase II-specific","MF"
"4121","GO:0009055",0.00276164439119422,0.998747638722061,70,88,"electron transfer activity","MF"
"3401","GO:0007019",0.00277867072572498,0.999207350945542,37,43,"microtubule depolymerization","BP"
"9714","GO:0035929",0.00277974661489936,1,14,14,"steroid hormone secretion","BP"
"16250","GO:0072401",0.00296259946002364,0.998800592399058,57,70,"signal transduction involved in DNA integrity checkpoint","BP"
"16255","GO:0072422",0.00296259946002364,0.998800592399058,57,70,"signal transduction involved in DNA damage checkpoint","BP"
"4482","GO:0010035",0.00304314436798163,0.99779587784365,325,452,"response to inorganic substance","BP"
"17017","GO:0097237",0.00319397535236488,0.998484525851641,75,95,"cellular response to toxic substance","BP"
"3447","GO:0007099",0.00320536578367516,0.999255479740583,30,34,"centriole replication","BP"
"12959","GO:0050789",0.00328830044683782,0.997055590286407,5888,8822,"regulation of biological process","BP"
"16419","GO:0080090",0.00331560300295162,0.997040880956267,3267,4847,"regulation of primary metabolic process","BP"
"20772","GO:1990748",0.00369150882615521,0.998293951053992,69,87,"cellular detoxification","BP"
"12768","GO:0048872",0.00372848776000841,0.997687965923209,154,206,"homeostasis of number of cells","BP"
"2631","GO:0005819",0.00375626739224998,0.997392883504208,248,341,"spindle","CC"
"2893","GO:0006271",0.00380688170078778,0.999650593242653,18,19,"DNA strand elongation involved in DNA replication","BP"
"415","GO:0001216",0.00398414519856432,0.997199421739616,262,361,"DNA-binding transcription activator activity","MF"
"4526","GO:0010257",0.00398488842021964,0.998406466791039,52,64,"NADH dehydrogenase complex assembly","BP"
"8488","GO:0032981",0.00398488842021964,0.998406466791039,52,64,"mitochondrial respiratory chain complex I assembly","BP"
"9117","GO:0034614",0.00411169277109013,0.997703501431325,107,140,"cellular response to reactive oxygen species","BP"
"11765","GO:0045935",0.00423187160974575,0.996443155829108,1032,1496,"positive regulation of nucleobase-containing compound metabolic process","BP"
"11139","GO:0044237",0.00424963517045883,0.99618317865026,5844,8766,"cellular metabolic process","BP"
"340","GO:0000940",0.00433268794933601,1,13,13,"condensed chromosome outer kinetochore","CC"
"11411","GO:0045120",0.00433647050224321,1,13,13,"pronucleus","CC"
"6149","GO:0018394",0.00452621978786556,0.997365590808055,119,157,"peptidyl-lysine acetylation","BP"
"4485","GO:0010039",0.00480328777008875,0.999019870230014,25,28,"response to iron ion","BP"
"20817","GO:1990841",0.00492233237180253,0.998306529000834,41,49,"promoter-specific chromatin binding","MF"
"15534","GO:0071103",0.00492355185486028,0.996709551021407,196,267,"DNA conformation change","BP"
"13846","GO:0055114",0.00497553378625657,0.996027067047276,581,832,"oxidation-reduction process","BP"
"15716","GO:0071450",0.00502507344655085,0.999207901925097,21,23,"cellular response to oxygen radical","BP"
"15717","GO:0071451",0.00502507344655085,0.999207901925097,21,23,"cellular response to superoxide","BP"
"13284","GO:0051302",0.00512052206696579,0.997177107295381,99,129,"regulation of cell division","BP"
"148","GO:0000302",0.0051314124655825,0.996799433707783,146,196,"response to reactive oxygen species","BP"
"12103","GO:0046688",0.00528684766226943,0.999160291511346,21,23,"response to copper ion","BP"
"14463","GO:0060986",0.00536843995150517,0.99868826975917,28,32,"endocrine hormone secretion","BP"
"12153","GO:0046835",0.00549814181796455,0.999121575855268,21,23,"carbohydrate phosphorylation","BP"
"2935","GO:0006338",0.00560116898430359,0.996606179241564,130,173,"chromatin remodeling","BP"
"5112","GO:0015079",0.00611513841250189,0.996657919293574,93,121,"potassium ion transmembrane transporter activity","MF"
"5733","GO:0016573",0.00627502933180899,0.996335231034322,112,148,"histone acetylation","BP"
"9085","GO:0034502",0.00650735531505634,0.996933715890744,64,81,"protein localization to chromosome","BP"
"7079","GO:0030308",0.00728854861975945,0.995575164865908,123,164,"negative regulation of cell growth","BP"
"15942","GO:0071855",0.00741200250033817,0.999257365948155,16,17,"neuropeptide receptor binding","MF"
"36","GO:0000077",0.00741233838643516,0.995693502861581,106,140,"DNA damage checkpoint","BP"
"5554","GO:0016209",0.00790973177369589,0.996560918919877,52,65,"antioxidant activity","MF"
"12049","GO:0046599",0.00797873176012552,0.998662627452262,20,22,"regulation of centriole replication","BP"
"2450","GO:0005488",0.00817349166955333,0.992939099910578,8246,12453,"binding","MF"
"8561","GO:0033108",0.0082600927687616,0.995659059725024,77,100,"mitochondrial respiratory chain complex assembly","BP"
"416","GO:0001217",0.00842193430765658,0.994205958580491,198,272,"DNA-binding transcription repressor activity","MF"
"7848","GO:0031965",0.00843899024553497,0.994193712973051,198,272,"nuclear membrane","CC"
"8320","GO:0032722",0.00887082511447721,0.998057378219461,23,26,"positive regulation of chemokine production","BP"
"6148","GO:0018393",0.00896625843438209,0.994626760949896,112,149,"internal peptidyl-lysine acetylation","BP"
"6827","GO:0022617",0.00923449996953313,0.996312923674663,44,54,"extracellular matrix disassembly","BP"
"423","GO:0001227",0.00940507956349989,0.993499383558617,197,271,"DNA-binding transcription repressor activity, RNA polymerase II-specific","MF"
"21345","GO:2000831",0.00971606447170062,1,11,11,"regulation of steroid hormone secretion","BP"
"9182","GO:0034705",0.00972707553607415,0.995191192673794,65,83,"potassium channel complex","CC"
"2795","GO:0006090",0.00981764632759805,0.99424624811382,102,135,"pyruvate metabolic process","BP"
"13283","GO:0051301",0.00987142356241293,0.992366293682003,382,541,"cell division","BP"
"4571","GO:0010467",0.010336008343746,0.990652053753187,3189,4749,"gene expression","BP"
"4332","GO:0009415",0.0103538271550504,1,11,11,"response to water","BP"
"34","GO:0000075",0.010829641195469,0.992892595149401,150,204,"cell cycle checkpoint","BP"
"4663","GO:0010640",0.0109864319153251,0.998079084049868,19,21,"regulation of platelet-derived growth factor receptor signaling pathway","BP"
"4180","GO:0009135",0.0111778255678574,0.993552848413303,94,124,"purine nucleoside diphosphate metabolic process","BP"
"4221","GO:0009179",0.0111778255678574,0.993552848413303,94,124,"purine ribonucleoside diphosphate metabolic process","BP"
"3492","GO:0007189",0.0113647951403604,0.994133252702974,69,89,"adenylate cyclase-activating G protein-coupled receptor signaling pathway","BP"
"2929","GO:0006325",0.0115594166848508,0.990789970255948,466,665,"chromatin organization","BP"
"8159","GO:0032465",0.0117728803950046,0.99431368168582,59,75,"regulation of cytokinesis","BP"
"16762","GO:0090382",0.0123344166291148,0.995650138388532,34,41,"phagosome maturation","BP"
"5978","GO:0017056",0.0124819536756948,0.997145206258461,22,25,"structural constituent of nuclear pore","MF"
"11004","GO:0043648",0.0126945062227781,0.993605571380363,63,81,"dicarboxylic acid metabolic process","BP"
"18696","GO:1901983",0.0129423643388058,0.993979775013771,53,67,"regulation of protein acetylation","BP"
"2518","GO:0005635",0.0130951122763464,0.990103132906857,301,424,"nuclear envelope","CC"
"11734","GO:0045893",0.0133472925210609,0.988714479791431,823,1195,"positive regulation of transcription, DNA-templated","BP"
"272","GO:0000775",0.0134226845966682,0.991263924607951,137,186,"chromosome, centromeric region","CC"
"13250","GO:0051254",0.0135274556272811,0.988455980656136,923,1344,"positive regulation of RNA metabolic process","BP"
"7674","GO:0031572",0.0135489279523497,0.995875194295187,28,33,"G2 DNA damage checkpoint","BP"
"4502","GO:0010155",0.0135677974412185,0.99756657118895,18,20,"regulation of proton transport","BP"
"14888","GO:0061980",0.0137878742670799,0.995406670797123,31,37,"regulatory RNA binding","MF"
"10413","GO:0042542",0.0139565974657193,0.991842519557644,92,122,"response to hydrogen peroxide","BP"
"2742","GO:0006006",0.0141105829827691,0.990869294302268,132,179,"glucose metabolic process","BP"
"5874","GO:0016829",0.0146107871895364,0.99075308667143,119,161,"lyase activity","MF"
"6242","GO:0019200",0.014755249250371,0.997314189873531,18,20,"carbohydrate kinase activity","MF"
"9715","GO:0035930",0.0148359762707366,1,10,10,"corticosteroid hormone secretion","BP"
"276","GO:0000779",0.0153667803911882,0.991038482383801,89,118,"condensed chromosome, centromeric region","CC"
"15881","GO:0071704",0.0155292878148174,0.985836579046394,5888,8852,"organic substance metabolic process","BP"
"19345","GO:1903508",0.015586921353043,0.98671811193563,867,1262,"positive regulation of nucleic acid-templated transcription","BP"
"8872","GO:0034114",0.0155906317628103,1,10,10,"regulation of heterotypic cell-cell adhesion","BP"
"9013","GO:0034381",0.0159692940191774,0.99421325249686,33,40,"plasma lipoprotein particle clearance","BP"
"18802","GO:1902235",0.0163492764294218,0.995467331547667,24,28,"regulation of endoplasmic reticulum stress-induced intrinsic apoptotic signaling pathway","BP"
"35","GO:0000076",0.0163792356276183,0.998142482283413,14,15,"DNA replication checkpoint","BP"
"2759","GO:0006040",0.0163885730034751,0.994443799354389,30,36,"amino sugar metabolic process","BP"
"7853","GO:0031974",0.0165692082939152,0.984889422620818,3492,5216,"membrane-enclosed lumen","CC"
"10760","GO:0043233",0.0165692082939152,0.984889422620818,3492,5216,"organelle lumen","CC"
"14945","GO:0070013",0.0165692082939152,0.984889422620818,3492,5216,"intracellular organelle lumen","CC"
"4320","GO:0009395",0.0166005518695096,0.994362417221347,30,36,"phospholipid catabolic process","BP"
"7432","GO:0031110",0.0171198254186976,0.991166713648242,62,80,"regulation of microtubule polymerization or depolymerization","BP"
"8428","GO:0032892",0.0172900594505777,0.99516604423184,24,28,"positive regulation of organic acid transport","BP"
"18967","GO:1902680",0.0173131711405028,0.985210504670395,867,1263,"positive regulation of RNA biosynthetic process","BP"
"3027","GO:0006475",0.0173564869677527,0.989073393924355,112,151,"internal protein amino acid acetylation","BP"
"7445","GO:0031124",0.0173586834242599,0.990386863987829,74,97,"mRNA 3'-end processing","BP"
"9261","GO:0035035",0.0176377283208268,0.995053989284108,24,28,"histone acetyltransferase binding","MF"
"13210","GO:0051173",0.0176852439260727,0.98424794696883,1716,2534,"positive regulation of nitrogen compound metabolic process","BP"
"13159","GO:0051100",0.0177688458420885,0.988927327610249,107,144,"negative regulation of binding","BP"
"17313","GO:0098659",0.017786882128964,0.991117745063039,57,73,"inorganic cation import across plasma membrane","BP"
"17696","GO:0099587",0.017786882128964,0.991117745063039,57,73,"inorganic ion import across plasma membrane","BP"
"9344","GO:0035259",0.017816678572201,0.997943438337565,14,15,"glucocorticoid receptor binding","MF"
"17256","GO:0098534",0.0178989179853272,0.993860646303527,30,36,"centriole assembly","BP"
"18561","GO:1901605",0.0180823052298321,0.988358619977995,120,163,"alpha-amino acid metabolic process","BP"
"11301","GO:0044774",0.0181380977967819,0.989809690479447,76,100,"mitotic DNA integrity checkpoint","BP"
"16878","GO:0097006",0.0188049314948382,0.990973200071216,51,65,"regulation of plasma lipoprotein particle levels","BP"
"13392","GO:0051537",0.0190734912217333,0.996403227418358,17,19,"2 iron, 2 sulfur cluster binding","MF"
"10654","GO:0043044",0.0193599175284819,0.990273464156668,56,72,"ATP-dependent chromatin remodeling","BP"
"3644","GO:0007588",0.0193713307096649,0.992417302135635,35,43,"excretion","BP"
"11296","GO:0044769",0.0194094521942446,0.996327921568283,17,19,"ATPase activity, coupled to transmembrane movement of ions, rotational mechanism","MF"
"12224","GO:0046961",0.0194094521942446,0.996327921568283,17,19,"proton-transporting ATPase activity, rotational mechanism","MF"
"4227","GO:0009185",0.0195210052943652,0.98815607076715,95,127,"ribonucleoside diphosphate metabolic process","BP"
"2383","GO:0005267",0.0196468695036892,0.98914989859089,71,93,"potassium channel activity","MF"
"12078","GO:0046640",0.0201960624870875,0.996150527829621,17,19,"regulation of alpha-beta T cell proliferation","BP"
"3269","GO:0006807",0.0206428984966453,0.981067377275668,5374,8074,"nitrogen compound metabolic process","BP"
"10010","GO:0038024",0.0213024123791575,0.990472720201461,43,54,"cargo receptor activity","MF"
"2930","GO:0006333",0.0213098281862867,0.986569713087081,106,143,"chromatin assembly or disassembly","BP"
"5794","GO:0016679",0.0214725002900251,1,9,9,"oxidoreductase activity, acting on diphenols and related substances as donors","MF"
"8098","GO:0032392",0.0214895764404409,0.987286732755902,85,113,"DNA geometric change","BP"
"20995","GO:2000249",0.0216469268131814,0.992418993642213,29,35,"regulation of actin cytoskeleton reorganization","BP"
"3712","GO:0008076",0.0218474648711439,0.988700963797128,58,75,"voltage-gated potassium channel complex","CC"
"18295","GO:1900262",0.0218486362354505,1,9,9,"regulation of DNA-directed DNA polymerase activity","BP"
"18296","GO:1900264",0.0218486362354505,1,9,9,"positive regulation of DNA-directed DNA polymerase activity","BP"
"14924","GO:0062197",0.0219348182092835,0.983874863327422,217,304,"cellular response to chemical stress","BP"
"4436","GO:0009891",0.0221898797560664,0.980655306301581,1072,1572,"positive regulation of biosynthetic process","BP"
"1","GO:0000002",0.0222441320563135,0.994503699249645,20,23,"mitochondrial genome maintenance","BP"
"1602","GO:0003887",0.0223234627533531,0.994480717316159,20,23,"DNA-directed DNA polymerase activity","MF"
"4015","GO:0008603",0.0224483750972049,1,9,9,"cAMP-dependent protein kinase regulator activity","MF"
"4139","GO:0009074",0.0224517094855932,0.997319629541016,13,14,"aromatic amino acid family catabolic process","BP"
"1531","GO:0003689",0.0224961671670225,1,9,9,"DNA clamp loader activity","MF"
"8595","GO:0033170",0.0224961671670225,1,9,9,"protein-DNA loading ATPase activity","MF"
"21352","GO:2000846",0.0225585905608261,1,9,9,"regulation of corticosteroid hormone secretion","BP"
"9110","GO:0034599",0.0225643904931812,0.983825960053025,186,259,"cellular response to oxidative stress","BP"
"6494","GO:0019934",0.0225773406241817,0.994407062492716,20,23,"cGMP-mediated signaling","BP"
"10451","GO:0042599",0.0226113563790839,1,9,9,"lamellar body","CC"
"20008","GO:1904814",0.022712061236692,0.997281555484647,13,14,"regulation of protein localization to chromosome, telomeric region","BP"
"8468","GO:0032946",0.0227280977381054,0.988010180259241,60,78,"positive regulation of mononuclear cell proliferation","BP"
"21144","GO:2000480",0.022791843344815,1,9,9,"negative regulation of cAMP-dependent protein kinase activity","BP"
"8045","GO:0032310",0.0228541475255815,1,9,9,"prostaglandin secretion","BP"
"5659","GO:0016427",0.0228588070552058,1,9,9,"tRNA (cytosine) methyltransferase activity","MF"
"10602","GO:0042974",0.02287391145747,0.994320816431192,20,23,"retinoic acid receptor binding","MF"
"8040","GO:0032305",0.0229089089358008,1,9,9,"positive regulation of icosanoid secretion","BP"
"4438","GO:0009893",0.0229409009407508,0.979321106948529,2043,3029,"positive regulation of metabolic process","BP"
"4521","GO:0010232",0.0229413858476177,1,9,9,"vascular transport","BP"
"17352","GO:0098739",0.0232086134507096,0.985855010021793,92,123,"import across plasma membrane","BP"
"4632","GO:0010595",0.0232320184884935,0.987005778077426,70,92,"positive regulation of endothelial cell migration","BP"
"12544","GO:0048385",0.0233361556097631,0.997189836633251,13,14,"regulation of retinoic acid receptor signaling pathway","BP"
"15971","GO:0071897",0.0234570440875091,0.984330869661707,130,178,"DNA biosynthetic process","BP"
"16615","GO:0090160",0.0234770498282186,1,9,9,"Golgi to lysosome transport","BP"
"13091","GO:0051004",0.0235588475435746,0.997156956482806,13,14,"regulation of lipoprotein lipase activity","BP"
"6442","GO:0019829",0.0237722771315563,0.990028296678242,37,46,"ATPase-coupled cation transmembrane transporter activity","MF"
"6035","GO:0017162",0.0238863945170021,1,9,9,"aryl hydrocarbon receptor binding","MF"
"9441","GO:0035457",0.0239265387848149,1,9,9,"cellular response to interferon-alpha","BP"
"7894","GO:0032042",0.0239952727525088,0.997092288368819,13,14,"mitochondrial DNA metabolic process","BP"
"7855","GO:0031981",0.024086056794822,0.978020628549059,2882,4298,"nuclear lumen","CC"
"17970","GO:0120103",0.0242646215216506,1,9,9,"centriolar subdistal appendage","CC"
"2797","GO:0006094",0.024387724755687,0.987278018691165,57,74,"gluconeogenesis","BP"
"15545","GO:0071141",0.0244321975737335,1,9,9,"SMAD protein complex","CC"
"12454","GO:0048185",0.0244964758464119,0.997017648333286,13,14,"activin binding","MF"
"7535","GO:0031325",0.0245130580248874,0.977986586892041,1815,2687,"positive regulation of cellular metabolic process","BP"
"10531","GO:0042770",0.0246150500198561,0.984840298652375,93,125,"signal transduction in response to DNA damage","BP"
"2856","GO:0006198",0.0249172126605648,1,9,9,"cAMP catabolic process","BP"
"15113","GO:0070301",0.0250393448952235,0.986474030905834,62,81,"cellular response to hydrogen peroxide","BP"
"13015","GO:0050871",0.0252764876760903,0.987836689881976,47,60,"positive regulation of B cell activation","BP"
"13265","GO:0051276",0.0252806757198706,0.978489925708559,726,1057,"chromosome organization","BP"
"7538","GO:0031328",0.0253086796804899,0.977891324082552,1057,1551,"positive regulation of cellular biosynthetic process","BP"
"7234","GO:0030672",0.025313749014538,0.9854248061555,74,98,"synaptic vesicle membrane","CC"
"17627","GO:0099501",0.025313749014538,0.9854248061555,74,98,"exocytic vesicle membrane","CC"
"2516","GO:0005622",0.0253925600612954,0.977255025205155,7816,11806,"intracellular","CC"
"11172","GO:0044304",0.0256880597055882,0.987302494918256,50,64,"main axon","CC"
"3215","GO:0006706",0.025729723348803,0.994922153587591,16,18,"steroid catabolic process","BP"
"6461","GO:0019866",0.0258325218068528,0.97953363019858,345,495,"organelle inner membrane","CC"
"10759","GO:0043232",0.0264224032583812,0.975851293676837,2903,4330,"intracellular non-membrane-bounded organelle","CC"
"16252","GO:0072413",0.026643972053642,0.987460971727048,44,56,"signal transduction involved in mitotic cell cycle checkpoint","BP"
"18866","GO:1902402",0.026643972053642,0.987460971727048,44,56,"signal transduction involved in mitotic DNA damage checkpoint","BP"
"18867","GO:1902403",0.026643972053642,0.987460971727048,44,56,"signal transduction involved in mitotic DNA integrity checkpoint","BP"
"19398","GO:1903580",0.0268159728001001,0.989697203884577,31,38,"positive regulation of ATP metabolic process","BP"
"3377","GO:0006979",0.0269512711517738,0.979323415960627,268,380,"response to oxidative stress","BP"
"12896","GO:0050671",0.027073720904318,0.985507030537332,59,77,"positive regulation of lymphocyte proliferation","BP"
"10755","GO:0043228",0.0271743433139682,0.975152569157848,2908,4338,"non-membrane-bounded organelle","CC"
"9456","GO:0035493",0.0273454329018058,0.99453742812705,16,18,"SNARE complex assembly","BP"
"6495","GO:0019935",0.0274232360558401,0.982155367524235,111,151,"cyclic-nucleotide-mediated signaling","BP"
"5879","GO:0016835",0.0274761994278072,0.98606706243441,51,66,"carbon-oxygen lyase activity","MF"
"11061","GO:0043966",0.0275125864112695,0.98700602496579,44,56,"histone H3 acetylation","BP"
"273","GO:0000776",0.0280221298264702,0.982245237668198,99,134,"kinetochore","CC"
"16763","GO:0090383",0.0280824048875734,0.992835618369827,19,22,"phagosome acidification","BP"
"12197","GO:0046914",0.0281089295972008,0.976520222928627,562,814,"transition metal ion binding","MF"
"11100","GO:0044060",0.0285218339367343,0.99050116541133,25,30,"regulation of endocrine process","BP"
"4635","GO:0010604",0.0286570218947252,0.974155292620262,1882,2790,"positive regulation of macromolecule metabolic process","BP"
"2885","GO:0006261",0.0287624578845325,0.981327728525809,108,147,"DNA-dependent DNA replication","BP"
"11584","GO:0045619",0.0293685249571657,0.981690217859113,92,124,"regulation of lymphocyte differentiation","BP"
"20937","GO:2000134",0.0294332648568778,0.982857285787701,73,97,"negative regulation of G1/S transition of mitotic cell cycle","BP"
"16918","GO:0097066",0.0301324058970402,0.992213633798455,19,22,"response to thyroid hormone","BP"
"7436","GO:0031114",0.0304105750971349,0.989771036336862,25,30,"regulation of microtubule depolymerization","BP"
"16879","GO:0097009",0.0307096871012761,0.989654656734624,25,30,"energy homeostasis","BP"
"274","GO:0000777",0.0318619317310646,0.980961979387208,77,103,"condensed chromosome kinetochore","CC"
"11300","GO:0044773",0.031946203633158,0.981476153467413,70,93,"mitotic DNA damage checkpoint","BP"
"12090","GO:0046660",0.0319518193285008,0.981673878680341,68,90,"female sex differentiation","BP"
"1154","GO:0002702",0.0319668556268784,0.983227158703229,53,69,"positive regulation of production of molecular mediator of immune response","BP"
"16260","GO:0072431",0.0324185737817846,0.98444236033537,43,55,"signal transduction involved in mitotic G1 DNA damage checkpoint","BP"
"18865","GO:1902400",0.0324185737817846,0.98444236033537,43,55,"intracellular signal transduction involved in G1 DNA damage checkpoint","BP"
"3739","GO:0008121",0.0327394041170434,1,8,8,"ubiquinol-cytochrome-c reductase activity","MF"
"5795","GO:0016681",0.0327394041170434,1,8,8,"oxidoreductase activity, acting on diphenols and related substances as donors, cytochrome as acceptor","MF"
"11323","GO:0044819",0.0327716324413462,0.983449754619281,48,62,"mitotic G1/S transition checkpoint","BP"
"6399","GO:0019730",0.0329318654103433,0.988852134226215,24,29,"antimicrobial humoral response","BP"
"7390","GO:0031055",0.0331115331996312,0.987801602594372,27,33,"chromatin remodeling at centromere","BP"
"12401","GO:0048019",0.033120448267862,0.995748708897197,12,13,"receptor antagonist activity","MF"
"14666","GO:0061458",0.0332059308722284,0.974759522952851,235,332,"reproductive system development","BP"
"644","GO:0001845",0.033274669325958,0.995724084622312,12,13,"phagolysosome assembly","BP"
"4484","GO:0010038",0.0335334168547518,0.974993074231107,206,290,"response to metal ion","BP"
"13026","GO:0050886",0.0337005384752363,0.983754882934297,43,55,"endocrine process","BP"
"13640","GO:0051988",0.0337213017038561,0.995652591771275,12,13,"regulation of attachment of spindle microtubules to kinetochore","BP"
"19280","GO:1903365",0.034081525246738,1,8,8,"regulation of fear response","BP"
"21339","GO:2000822",0.034081525246738,1,8,8,"regulation of behavioral fear response","BP"
"1109","GO:0002639",0.034108753704057,0.987378300690064,27,33,"positive regulation of immunoglobulin production","BP"
"2171","GO:0004865",0.0341120312167384,1,8,8,"protein serine/threonine phosphatase inhibitor activity","MF"
"2670","GO:0005882",0.0342519015554164,0.982619196545414,48,62,"intermediate filament","CC"
"10892","GO:0043467",0.0342946887418038,0.977476656363195,107,146,"regulation of generation of precursor metabolites and energy","BP"
"3097","GO:0006560",0.034300313029881,1,8,8,"proline metabolic process","BP"
"25","GO:0000050",0.0343453266630508,1,8,8,"urea cycle","BP"
"6377","GO:0019627",0.0343453266630508,1,8,8,"urea metabolic process","BP"
"16000","GO:0071941",0.0343453266630508,1,8,8,"nitrogen cycle metabolic process","BP"
"2169","GO:0004862",0.0344139788483101,1,8,8,"cAMP-dependent protein kinase inhibitor activity","MF"
"3075","GO:0006538",0.0345187509093813,1,8,8,"glutamate catabolic process","BP"
"16765","GO:0090385",0.0345226665940368,1,8,8,"phagosome-lysosome fusion","BP"
"16257","GO:0072425",0.0345434278213636,0.99552029994687,12,13,"signal transduction involved in G2 DNA damage checkpoint","BP"
"13347","GO:0051427",0.0345862044485979,0.977271643603955,107,146,"hormone receptor binding","MF"
"7719","GO:0031649",0.0347040711348671,0.99549434593262,12,13,"heat generation","BP"
"18388","GO:1901077",0.0348217883024144,1,8,8,"regulation of relaxation of muscle","BP"
"20928","GO:2000113",0.0348270914424469,0.969824084684704,828,1212,"negative regulation of cellular macromolecule biosynthetic process","BP"
"18141","GO:0150104",0.0348352940185193,1,8,8,"transport across blood-brain barrier","BP"
"15242","GO:0070531",0.0348908458859145,1,8,8,"BRCA1-A complex","CC"
"10735","GO:0043196",0.0348981415162708,1,8,8,"varicosity","CC"
"8853","GO:0034080",0.0350634580608599,0.988010876808605,24,29,"CENP-A containing nucleosome assembly","BP"
"14749","GO:0061641",0.0350634580608599,0.988010876808605,24,29,"CENP-A containing chromatin organization","BP"
"12590","GO:0048532",0.0350883111511998,0.995432129668236,12,13,"anatomical structure arrangement","BP"
"11646","GO:0045722",0.0350931427616676,0.995431346102781,12,13,"positive regulation of gluconeogenesis","BP"
"16296","GO:0072539",0.0351936964147831,0.995415031919311,12,13,"T-helper 17 cell differentiation","BP"
"2068","GO:0004712",0.0352320715277482,0.984580105943906,35,44,"protein serine/threonine/tyrosine kinase activity","MF"
"12596","GO:0048539",0.0354688853532695,1,8,8,"bone marrow development","BP"
"9924","GO:0036396",0.0356071667538198,1,8,8,"RNA N6-methyladenosine methyltransferase complex","CC"
"11499","GO:0045293",0.0356071667538198,1,8,8,"mRNA editing complex","CC"
"7519","GO:0031298",0.0357421371767798,1,8,8,"replication fork protection complex","CC"
"2883","GO:0006259",0.0359573528481685,0.969694349322212,568,826,"DNA metabolic process","BP"
"19009","GO:1902807",0.0360606737886061,0.978446105456751,74,99,"negative regulation of cell cycle G1/S phase transition","BP"
"4652","GO:0010628",0.0360885512681147,0.968001846165607,1192,1757,"positive regulation of gene expression","BP"
"4177","GO:0009132",0.036113838558153,0.976328255708531,104,142,"nucleoside diphosphate metabolic process","BP"
"5537","GO:0016174",0.03614539648375,1,8,8,"NAD(P)H oxidase H2O2-forming activity","MF"
"6597","GO:0021604",0.036226232544905,1,8,8,"cranial nerve structural organization","BP"
"139","GO:0000289",0.0363102028567402,0.986436332600007,27,33,"nuclear-transcribed mRNA poly(A) tail shortening","BP"
"4858","GO:0010911",0.0364785024853877,1,8,8,"regulation of isomerase activity","BP"
"4859","GO:0010912",0.0364785024853877,1,8,8,"positive regulation of isomerase activity","BP"
"13133","GO:0051054",0.0365102124334418,0.974700338680612,133,184,"positive regulation of DNA metabolic process","BP"
"9317","GO:0035196",0.0365515471544833,0.983925715367522,35,44,"production of miRNAs involved in gene silencing by miRNA","BP"
"3307","GO:0006869",0.0365682030206969,0.972798920194885,197,277,"lipid transport","BP"
"469","GO:0001553",0.0367011170873184,1,8,8,"luteinization","BP"
"7580","GO:0031402",0.0367605557113738,1,8,8,"sodium ion binding","MF"
"8395","GO:0032823",0.0367694166280313,1,8,8,"regulation of natural killer cell differentiation","BP"
"12906","GO:0050685",0.0368327083509531,0.987305403948553,24,29,"positive regulation of mRNA processing","BP"
"6571","GO:0021561",0.0368563644647039,1,8,8,"facial nerve development","BP"
"6598","GO:0021610",0.0368563644647039,1,8,8,"facial nerve morphogenesis","BP"
"2928","GO:0006323",0.0370253515912355,0.975209865929348,113,155,"DNA packaging","BP"
"15546","GO:0071144",0.0371858732715363,1,8,8,"heteromeric SMAD protein complex","CC"
"21011","GO:2000278",0.0372748342489457,0.97745498964121,76,102,"regulation of DNA biosynthetic process","BP"
"4608","GO:0010557",0.0372909387887521,0.967235349305897,1002,1473,"positive regulation of macromolecule biosynthetic process","BP"
"11557","GO:0045580",0.0373226898930144,0.977625311364415,74,99,"regulation of T cell differentiation","BP"
"18803","GO:1902236",0.0374405141160749,0.992117589682156,15,17,"negative regulation of endoplasmic reticulum stress-induced intrinsic apoptotic signaling pathway","BP"
"5681","GO:0016469",0.0376398052196534,0.982771780561345,37,47,"proton-transporting two-sector ATPase complex","CC"
"9835","GO:0036151",0.0376507602636912,0.992063795691326,15,17,"phosphatidylcholine acyl-chain remodeling","BP"
"19956","GO:1904724",0.0376590190903632,0.984961876293671,29,36,"tertiary granule lumen","CC"
"11322","GO:0044818",0.0376821936263643,0.986964415015899,24,29,"mitotic G2/M transition checkpoint","BP"
"18562","GO:1901606",0.0378913649281321,0.978812760325112,59,78,"alpha-amino acid catabolic process","BP"
"2130","GO:0004806",0.0381936105556139,0.991924558141889,15,17,"triglyceride lipase activity","MF"
"9319","GO:0035198",0.0383335836618702,0.986701965371935,24,29,"miRNA binding","MF"
"18697","GO:1901984",0.0385454845046021,0.989666507386206,18,21,"negative regulation of protein acetylation","BP"
"16216","GO:0072331",0.0387003042936526,0.971629948204253,176,247,"signal transduction by p53 class mediator","BP"
"15314","GO:0070665",0.0391014232430833,0.977474564860988,64,85,"positive regulation of leukocyte proliferation","BP"
"3375","GO:0006977",0.0391038916642513,0.980868429497125,42,54,"DNA damage response, signal transduction by p53 class mediator resulting in cell cycle arrest","BP"
"13326","GO:0051384",0.0391288127655258,0.976033436203262,78,105,"response to glucocorticoid","BP"
"11809","GO:0046031",0.0392081082617044,0.975579779430646,83,112,"ADP metabolic process","BP"
"6826","GO:0022616",0.0392138397473327,0.987738705058158,21,25,"DNA strand elongation","BP"
"4729","GO:0010742",0.0392737694653223,0.98771664991742,21,25,"macrophage derived foam cell differentiation","BP"
"16562","GO:0090077",0.0392737694653223,0.98771664991742,21,25,"foam cell differentiation","BP"
"7673","GO:0031571",0.039316778717544,0.979787078056435,47,61,"mitotic G1 DNA damage checkpoint","BP"
"11062","GO:0043967",0.0393763211860581,0.978926770799269,52,68,"histone H4 acetylation","BP"
"14085","GO:0060337",0.0397204229355775,0.979556240365285,47,61,"type I interferon signaling pathway","BP"
"15656","GO:0071357",0.0397204229355775,0.979556240365285,47,61,"cellular response to type I interferon","BP"
"17942","GO:0120033",0.0397565898369616,0.98927787230799,18,21,"negative regulation of plasma membrane bounded cell projection assembly","BP"
"8236","GO:0032590",0.0398007737318916,0.983086373772665,32,40,"dendrite membrane","CC"
"12576","GO:0048511",0.0400073136039544,0.970493401871899,181,254,"rhythmic process","BP"
"7383","GO:0031047",0.0407596768708307,0.972662388129589,110,151,"gene silencing by RNA","BP"
"7189","GO:0030552",0.041576175891635,0.988689004927693,18,21,"cAMP binding","MF"
"1357","GO:0003148",0.0416130809995252,0.988677000487898,18,21,"outflow tract septum morphogenesis","BP"
"2069","GO:0004713",0.0422611535157424,0.972944758934911,90,122,"protein tyrosine kinase activity","MF"
"19129","GO:1903046",0.0425188366080335,0.971676246332074,105,144,"meiotic cell cycle process","BP"
"6080","GO:0018108",0.0432160837753325,0.967420236642307,202,285,"peptidyl-tyrosine phosphorylation","BP"
"4657","GO:0010634",0.0434029759581079,0.971814833273326,94,128,"positive regulation of epithelial cell migration","BP"
"5483","GO:0016052",0.0436147995880008,0.969765380310529,125,173,"carbohydrate catabolic process","BP"
"6115","GO:0018212",0.0437217884611653,0.96696679120968,204,288,"peptidyl-tyrosine modification","BP"
"21295","GO:2000756",0.0442252950214011,0.977503991328101,44,57,"regulation of peptidyl-lysine acetylation","BP"
"6479","GO:0019900",0.0443091631558596,0.963124728468596,456,660,"kinase binding","MF"
"12390","GO:0048008",0.0444003683505133,0.977943498377709,42,54,"platelet-derived growth factor receptor signaling pathway","BP"
"2582","GO:0005750",0.0447665621257287,0.99392016816795,11,12,"mitochondrial respiratory chain complex III","CC"
"11494","GO:0045275",0.0447665621257287,0.99392016816795,11,12,"respiratory chain complex III","CC"
"7730","GO:0031670",0.0448959805138028,0.98275852329383,26,32,"cellular response to nutrient","BP"
"5882","GO:0016840",0.0450453476805239,0.993872317574109,11,12,"carbon-nitrogen lyase activity","MF"
"15947","GO:0071867",0.0457361346316476,0.973290319750097,63,84,"response to monoamine","BP"
"15949","GO:0071869",0.0457361346316476,0.973290319750097,63,84,"response to catecholamine","BP"
"15055","GO:0070202",0.0457714392986622,0.99374726876743,11,12,"regulation of establishment of protein localization to chromosome","BP"
"13822","GO:0055081",0.0457778004422473,0.979324608913689,34,43,"anion homeostasis","BP"
"1528","GO:0003682",0.0458471801443206,0.962773769149676,352,506,"chromatin binding","MF"
"20010","GO:1904816",0.0459763870975449,0.993711862147966,11,12,"positive regulation of protein localization to chromosome, telomeric region","BP"
"12624","GO:0048608",0.0462475146866958,0.964310885195242,231,328,"reproductive structure development","BP"
"6288","GO:0019319",0.0463682879086901,0.973585923250861,58,77,"hexose biosynthetic process","BP"
"14934","GO:0065007",0.0466221123770646,0.956884110385579,6174,9301,"biological regulation","BP"
"4827","GO:0010876",0.0467868646908818,0.964066179776096,222,315,"lipid localization","BP"
"12543","GO:0048384",0.0468479243743232,0.983299762464135,23,28,"retinoic acid receptor signaling pathway","BP"
"20969","GO:2000193",0.0470410872977081,0.993527150200174,11,12,"positive regulation of fatty acid transport","BP"
"2461","GO:0005513",0.0471524370062374,0.993507757680811,11,12,"detection of calcium ion","BP"
"259","GO:0000727",0.0475104054750348,0.993445318917814,11,12,"double-strand break repair via break-induced replication","BP"
"2576","GO:0005743",0.0477654699017368,0.96163935467735,309,446,"mitochondrial inner membrane","CC"
"3243","GO:0006757",0.047771108429213,0.970261440853996,77,104,"ATP generation from ADP","BP"
"21157","GO:2000514",0.0479343222823754,0.979168013626452,31,39,"regulation of CD4-positive, alpha-beta T cell activation","BP"
"14743","GO:0061629",0.0479653225561725,0.964574622171568,170,239,"RNA polymerase II-specific DNA-binding transcription factor binding","MF"
"16983","GO:0097178",0.0480020079124577,0.979134339845891,31,39,"ruffle assembly","BP"
"10419","GO:0042555",0.048049691759031,0.993350979709872,11,12,"MCM complex","CC"
"10668","GO:0043073",0.0480518159609236,0.993350607466436,11,12,"germ cell nucleus","CC"
"7310","GO:0030890",0.0480735401333979,0.982786931093073,23,28,"positive regulation of B cell proliferation","BP"
"10365","GO:0042430",0.0480969972762407,0.993342688724174,11,12,"indole-containing compound metabolic process","BP"
"15229","GO:0070507",0.048165029545327,0.966159063586561,129,179,"regulation of microtubule cytoskeleton organization","BP"
"14000","GO:0060213",0.0484884211431772,0.993273989275463,11,12,"positive regulation of nuclear-transcribed mRNA poly(A) tail shortening","BP"
"3633","GO:0007548",0.0486906824658611,0.965126589659409,142,198,"sex differentiation","BP"
"9056","GO:0034451",0.0486955629235604,0.971387509781994,63,84,"centriolar satellite","CC"
"8200","GO:0032526",0.0487665694387459,0.971022752368202,65,87,"response to retinoic acid","BP"
"8828","GO:0033993",0.0490054314019821,0.959096806306683,451,654,"response to lipid","BP"
"14956","GO:0070050",0.0492962709879108,0.982272709576925,23,28,"neuron cellular homeostasis","BP"
"21159","GO:2000516",0.049569613348146,0.983951326090461,20,24,"positive regulation of CD4-positive, alpha-beta T cell activation","BP"
"2179","GO:0004879",0.0497197258820889,0.978277125752731,31,39,"nuclear receptor activity","MF"
"17253","GO:0098531",0.0497197258820889,0.978277125752731,31,39,"ligand-activated transcription factor activity","MF"
"13590","GO:0051920",0.0497562359014974,1,7,7,"peroxiredoxin activity","MF"
"3835","GO:0008284",0.0497777877171161,0.958263249004744,471,684,"positive regulation of cell population proliferation","BP"
"13549","GO:0051861",0.0497893111420804,0.986094599240896,17,20,"glycolipid binding","MF"
